Topic Name,Date,Class Type,Pre-Note,Post Note
"Lecture 1 : Introduction ","August 24, 2023",Lecture,,https://wpi0-my.sharepoint.com/:b:/g/personal/bislam_wpi_edu/EUMchn_BF0FHgzk-PW23HREBYD9yH2vrh3zEWezvMg4bAQ?e=cVeecP
Lecture 2: Basic of Deep Learning,"August 29, 2023",Lecture,https://wpi0-my.sharepoint.com/:b:/g/personal/bislam_wpi_edu/EZYFH-U7tohEsr7RNPt0F-IBYWY92exqm-_khTl1MiN8xw?e=wpU3RG,https://wpi0-my.sharepoint.com/:b:/g/personal/bislam_wpi_edu/ESWT2_PyB5xBlXrR7w7ubf8BFsjEMD5-D7mr5TXfZiWlgw?e=7NZZn6
Lecture 3: Pruning and Sparsity (Part I),"August 31, 2023",Lecture,https://wpi0-my.sharepoint.com/:b:/g/personal/bislam_wpi_edu/ERdKEBsSCDJHmeYryQRjLycBqbJGSDmQkrymjj_TU0z_vw?e=bezGQX,https://wpi0-my.sharepoint.com/:b:/g/personal/bislam_wpi_edu/EdoZahdPdE9Ml6bF4rU8Cx8BjVMuSlTqvse6lmuH-gG85w?e=Sj54Jf
"Lecture 4: Pruning and Sparsity (Part II) ","September 5, 2023",Lecture,https://wpi0-my.sharepoint.com/:b:/g/personal/bislam_wpi_edu/ER7pOWr2D1ZJt2VUsJx0Zg4BJfn3xB7hKOYaN0MyvvcDbw?e=BnR7Lm,https://wpi0-my.sharepoint.com/:b:/g/personal/bislam_wpi_edu/EfDdxXV4FsRAu-MvNvCRUw8BdDUMPeKH7c5ghGOtS7fESQ?e=a7zPdI
No Class,"September 7, 2023",,,
Paper Presentation 1: Pruning and Sparcification,"September 12, 2023",Paper Presentation,,
Project Proposal Presentation,"September 14, 2023",Project Presentation,,
Assignment 1 goes online,"September 19, 2023",Assignment Release,,
Lecture 5: Quantization (Part I),"September 19, 2023",Lecture,https://wpi0-my.sharepoint.com/:b:/g/personal/bislam_wpi_edu/EcjkmUlpGFNKlbwZldVUlngBKSlMqUStf4B1GWI25v3Lrg?e=KYHvZe,https://wpi0-my.sharepoint.com/:b:/g/personal/bislam_wpi_edu/EbV13_F4QoZBj8xixbzdWMQBMZWLUVz5AMcgEVtH5s8E7g?e=cB8ou1
Lecture 6: Quantization (Part II),"September 21, 2023",Lecture,https://wpi0-my.sharepoint.com/:b:/g/personal/bislam_wpi_edu/ESPot2hXJ5RCs8pDpumWRFYBJ99eOLJKlWN143L9B5NQ1g?e=fDvkoJ,https://wpi0-my.sharepoint.com/:b:/g/personal/bislam_wpi_edu/EVAfBml9j-9CjmU4qcozRTQBQOnPSJyaOjF3q6XWic848A?e=6HwdWa
Paper Presentation 2: Quantization,"September 26, 2023",Paper Presentation,,
Lecture 7: Neural Architecture Search (Part I),"September 28, 2023",Lecture,https://wpi0-my.sharepoint.com/:b:/g/personal/bislam_wpi_edu/EcRRtw7CZ3ZEucb1h2Q81A8BOnq1wtRHXQZTgAv1DK6e8A?e=dqHdhR,https://wpi0-my.sharepoint.com/:b:/g/personal/bislam_wpi_edu/EbQH5uQJX4xBoRkaaKXE0pEBYAviGSzaxJirT_kW5UB9WQ?e=mKhgsj
Lecture 8: Neural Architecture Search (Part II),"October 3, 2023",Lecture,https://wpi0-my.sharepoint.com/:b:/g/personal/bislam_wpi_edu/EW29jWpBh5BEt1Ywb-R5M2gBWczEpDIYt7KCbgD2EGTscA?e=WSka1R,https://wpi0-my.sharepoint.com/:b:/g/personal/bislam_wpi_edu/EQewYR707ZVGoRbNT0WItZEBXXRbqfQnNNIiX3D4yYdFHg?e=h4Ilxd
Paper Presentation 3: Neural Architecture Search,"October 5, 2023",Paper Presentation,,
Assignment 2 Goes Online,"October 10, 2023",Assignment Release,,
Lecture 9: Knowledge Distillation,"October 10, 2023",Lecture,https://wpi0-my.sharepoint.com/:b:/g/personal/bislam_wpi_edu/EYIMSqCPm_tJt-BfVr1EwkoB-dYVjIqtP8ctJbBrixIWsg?e=LXn60C,https://wpi0-my.sharepoint.com/:b:/g/personal/bislam_wpi_edu/EaXUtCEoKSxCigT1ifNZNlEB_TKYCpuiGwR-fPGhphtxrw?e=luAX6d
Assignment 1 Deadline,"October 11, 2023",Assignment Due,,
Paper Presentation 4: Knowledge Distillation,"October 12, 2023",Paper Presentation,,
Lecture 10: Dynamic Network Inference,"October 24, 2023",Lecture,https://wpi0-my.sharepoint.com/:b:/g/personal/bislam_wpi_edu/EWy8L6zeZPhIqD79OINENaIBtOLA6KP_uMGeoJ34km5BBw?e=BAiUCb,https://wpi0-my.sharepoint.com/:b:/g/personal/bislam_wpi_edu/EWy8L6zeZPhIqD79OINENaIBtOLA6KP_uMGeoJ34km5BBw?e=8k0F1a
Lecture 11: Distributed Training,"October 26, 2023",Lecture,https://wpi0-my.sharepoint.com/:b:/g/personal/bislam_wpi_edu/EYSaBtgqRYtAigxrL1m-qHEB8GqUBrMEykBKt2JmwuQgcg?e=AY4MZo,https://wpi0-my.sharepoint.com/:b:/g/personal/bislam_wpi_edu/EZW1mmiud4xLlpJ-ET8ZlaoBs2CHENiDLh4XluswxXX-dg?e=LXMrMh
Paper Presentation 5: Dynamic Network Inference,"October 31, 2023",Paper Presentation,,
Assignment 3 online,"November 2, 2023",Assignment Release,,
Assignment 2 Due,"November 2, 2023",Assignment Due,,
Lecture 12: Gradient Compression,"November 2, 2023",Lecture,https://wpi0-my.sharepoint.com/:b:/g/personal/bislam_wpi_edu/ESF84JQLMsRFuS2OUVhdREsBIgNd8mjQovlP8M6Ttto2Dw?e=rty9NU,https://wpi0-my.sharepoint.com/:b:/g/personal/bislam_wpi_edu/EQn7RDm81mNDvuQhqZnQdnsBGh5dQFfUz3gwhiHw49-yrg?e=iXfO27
"Paper Presentation 6: Distributed Training and Gradient Compression ","November 7, 2023",Paper Presentation,,
Lecture 13: On-Device Training and Transfer Learning (Part I),"November 9, 2023",Lecture,https://wpi0-my.sharepoint.com/:b:/g/personal/bislam_wpi_edu/EYKlilaYXVRFv9GNpU7O21IBdkY1gcuBfdkImnoCVqDPQg?e=zNdHXC,https://wpi0-my.sharepoint.com/personal/bislam_wpi_edu/_layouts/15/onedrive.aspx?FolderCTID=0x0120006F87FA354EDDE14ABDDBBED3249BF088&id=%2Fpersonal%2Fbislam%5Fwpi%5Fedu%2FDocuments%2FCourse%2FECE579%5FOn%5FDevice%5FDeep%5FLearning%2FPost%2FLecture%2013%5FOn%2DDevice%20Training%20and%20Transfer%20Learning%20%2Epdf&parent=%2Fpersonal%2Fbislam%5Fwpi%5Fedu%2FDocuments%2FCourse%2FECE579%5FOn%5FDevice%5FDeep%5FLearning%2FPost
Lecture 14: On-Device Training and Transfer Learning (Part II),"November 14, 2023",Lecture,https://wpi0-my.sharepoint.com/:b:/g/personal/bislam_wpi_edu/ERqOG1ApempEtLxm97bxe54BUeJYgdncc60C3FTUrPo6lg?e=5kD1aG,https://wpi0-my.sharepoint.com/:b:/g/personal/bislam_wpi_edu/Ecu18zMcmwdDkrgxwdXfL-gB5zzPQ_Kku6ojehyS2RC6mA?e=JObmEM
"Paper Presentation on On-Device Training ","November 16, 2023",Paper Presentation,,
Lecture 15: Efficient Training and Inference on Microcontrollers,"November 21, 2023",Lecture,https://wpi0-my.sharepoint.com/:b:/g/personal/bislam_wpi_edu/EYBvJjQp1OBDlKcbsDc2KscB6vQJbartKxO-wyTKYBZekA?e=f13Qo5,
Assignment 3 Due,"November 28, 2023",Assignment Due,,
Paper Presentation on Transfer Learning,"November 28, 2023",Paper Presentation,,
Course Feedback and Question Answering,"November 30, 2023",Discussion,,
Paper Presentation on Efficient Training and Inference on Microcontrollers,"December 5, 2023",Paper Presentation,,
Final Project Presentation (3 hr),"December 7, 2023",Project Presentation,,
Project Report Submission,"December 14, 2023",,,
,,,,